[{"model": "userprofiles.company", "pk": 1, "fields": {"name": "Apple", "street": "Etiam Adipiscing Lorem, 17", "city": "Pellentesque", "state": "Inceptos Vehicula", "zip_code": "03322", "phone": "0800700680", "is_confirmed": true}}, {"model": "userprofiles.company", "pk": 2, "fields": {"name": "Google", "street": "Commodo Etiam Bibendum, 25", "city": "Risus", "state": "Vestibulum Mollis", "zip_code": "03456", "phone": "09008007070", "is_confirmed": true}}, {"model": "userprofiles.company", "pk": 3, "fields": {"name": "Microsoft", "street": "Sit Venenatis, 13", "city": "Magna", "state": "Ullamcorper Egestas", "zip_code": "0987789", "phone": "0980980977874", "is_confirmed": true}}, {"model": "userprofiles.company", "pk": 4, "fields": {"name": "Coca-Cola", "street": "Tortor Dolor, 25", "city": "Nullam", "state": "Tortor", "zip_code": "0897776", "phone": "9009887766799", "is_confirmed": true}}, {"model": "userprofiles.company", "pk": 5, "fields": {"name": "Facebook", "street": "Porta Amet, 46", "city": "Ullamcorper", "state": "Porta", "zip_code": "09866778", "phone": "080070090080", "is_confirmed": true}}, {"model": "userprofiles.company", "pk": 6, "fields": {"name": "Toyota", "street": "Vestibulum Cursus, 86", "city": "Euismod", "state": "Vehicula", "zip_code": "0987665", "phone": "8800600780", "is_confirmed": true}}, {"model": "userprofiles.company", "pk": 7, "fields": {"name": "IBM", "street": "Elit Magna, 1", "city": "Consectetur", "state": "Bibendum Ultricies", "zip_code": "83748648", "phone": "8800900780", "is_confirmed": true}}, {"model": "userprofiles.company", "pk": 8, "fields": {"name": "Disney", "street": "Sollicitudin Euismod, 23", "city": "Bibendum", "state": "Amet Aenean", "zip_code": "87658888", "phone": "8800700560", "is_confirmed": true}}, {"model": "userprofiles.profile", "pk": 6, "fields": {"user": null, "phone": null, "c_first_name": null, "c_last_name": null, "c_address": null, "c_city": null, "c_state": null, "c_zip_code": null, "company": null, "lang": "en"}}, {"model": "userprofiles.profile", "pk": 7, "fields": {"user": 1, "phone": "+380664355055", "c_first_name": null, "c_last_name": null, "c_address": null, "c_city": null, "c_state": null, "c_zip_code": null, "company": null, "lang": "en"}}, {"model": "userprofiles.profile", "pk": 10, "fields": {"user": 4, "phone": "+380664355055", "c_first_name": null, "c_last_name": null, "c_address": null, "c_city": null, "c_state": null, "c_zip_code": null, "company": null, "lang": "en"}}, {"model": "userprofiles.profile", "pk": 20, "fields": {"user": 13, "phone": "8080808080808", "c_first_name": "Cervantes", "c_last_name": "Jorge", "c_address": "Some street, 18", "c_city": null, "c_state": null, "c_zip_code": "43000", "company": 1, "lang": "en"}}, {"model": "userprofiles.profile", "pk": 33, "fields": {"user": 26, "phone": "8800909090", "c_first_name": null, "c_last_name": null, "c_address": null, "c_city": null, "c_state": null, "c_zip_code": null, "company": null, "lang": "en"}}, {"model": "userprofiles.profile", "pk": 36, "fields": {"user": 29, "phone": "+380664355055", "c_first_name": null, "c_last_name": null, "c_address": null, "c_city": null, "c_state": null, "c_zip_code": null, "company": null, "lang": "en"}}, {"model": "userprofiles.restaurant", "pk": 2, "fields": {"user": null, "logo": "./7.jpeg", "name": "Sit Commodo Parturient", "desc": "Morbi leo risus, porta ac consectetur ac, vestibulum at eros. Donec id elit non mi porta gravida at eget metus. Donec sed odio dui. Donec ullamcorper nulla non metus auctor fringilla. Cras mattis consectetur purus sit amet fermentum. Curabitur blandit tempus porttitor.", "address": "Ornare Magna Vestibulum Ultricies, 95", "city": "Assaasa", "state": "ASddsada", "zip_code": "234234234", "phone": "8800395480", "min_order": 3, "website": "http://www.some.com", "facebook": "", "twitter": "", "instagram": "", "slug": "sit-commodo-parturient", "photoshoot_requested": false, "publishing_requested": false, "published": false, "rate": 10.0, "is_confirmed": false, "is_premium": true}}, {"model": "userprofiles.restaurant", "pk": 4, "fields": {"user": null, "logo": "./3.png", "name": "Pharetra Nullam Ridiculus Elit", "desc": "Nulla vitae elit libero, a pharetra augue. Aenean eu leo quam. Pellentesque ornare sem lacinia quam venenatis vestibulum. Cras mattis consectetur purus sit amet fermentum. Cras mattis consectetur purus sit amet fermentum. Praesent commodo cursus magna, vel scelerisque nisl consectetur et.", "address": "Bibendum Malesuada Fringilla, 17", "city": "Sasas", "state": "Stass", "zip_code": "12312312", "phone": "880034569009", "min_order": 1, "website": "http://vk.com", "facebook": "", "twitter": "", "instagram": "", "slug": "pharetra-nullam-ridiculus-elit", "photoshoot_requested": false, "publishing_requested": false, "published": false, "rate": 10.0, "is_confirmed": false, "is_premium": true}}, {"model": "userprofiles.restaurant", "pk": 5, "fields": {"user": null, "logo": "./2.gif", "name": "Amet Vestibulum Tristique", "desc": "Cras justo odio, dapibus ac facilisis in, egestas eget quam. Fusce dapibus, tellus ac cursus commodo, tortor mauris condimentum nibh, ut fermentum massa justo sit amet risus. Cras mattis consectetur purus sit amet fermentum. Donec ullamcorper nulla non metus auctor fringilla. Duis mollis, est non commodo luctus, nisi erat porttitor ligula, eget lacinia odio sem nec elit.", "address": "Vestibulum Parturient Mattis, 29", "city": "Some", "state": "State", "zip_code": "3232323", "phone": "880090074580", "min_order": 1, "website": "http://habrahabr.ru", "facebook": "", "twitter": "", "instagram": "", "slug": "amet-vestibulum-tristique", "photoshoot_requested": false, "publishing_requested": false, "published": false, "rate": 10.0, "is_confirmed": false, "is_premium": true}}, {"model": "userprofiles.restaurant", "pk": 7, "fields": {"user": 4, "logo": "", "name": "My rest", "desc": "Maecenas faucibus mollis interdum. Aenean lacinia bibendum nulla sed consectetur. Cras mattis consectetur purus sit amet fermentum. Nullam quis risus eget urna mollis ornare vel eu leo. Donec sed odio dui.", "address": "Rest address, 18", "city": "Lutsk", "state": "Volun", "zip_code": "43024", "phone": "88006008090", "min_order": 1, "website": "http://somenew1111site.com", "facebook": "http://facebook.com", "twitter": "http://twitter.com", "instagram": "http://instagram.com", "slug": "my-rest", "photoshoot_requested": true, "publishing_requested": true, "published": false, "rate": 10.0, "is_confirmed": true, "is_premium": false}}, {"model": "userprofiles.restaurant", "pk": 21, "fields": {"user": 26, "logo": "./7_XBh5mIR.jpeg", "name": "Best restaurant", "desc": "Some desc here", "address": "Some new address, 18", "city": "Barcelona", "state": "Catalonia", "zip_code": "43000", "phone": "88008080808", "min_order": null, "website": "", "facebook": "", "twitter": "", "instagram": "", "slug": "best-restaurant", "photoshoot_requested": false, "publishing_requested": false, "published": false, "rate": 10.0, "is_confirmed": false, "is_premium": false}}, {"model": "userprofiles.restaurant", "pk": 22, "fields": {"user": 29, "logo": "./3_tqmfNfm.png", "name": "Antonios Restaurant", "desc": "Nullam quis risus eget urna mollis ornare vel eu leo. Donec id elit non mi porta gravida at eget metus. Vivamus sagittis lacus vel augue laoreet rutrum faucibus dolor auctor. Fusce dapibus, tellus ac cursus commodo, tortor mauris condimentum nibh, ut fermentum massa justo sit amet risus. Lorem ipsum dolor sit amet, consectetur adipiscing elit. Integer posuere erat a ante venenatis dapibus posuere velit aliquet.", "address": "Some address, 18", "city": "Barcelona", "state": "Catalonia", "zip_code": "43000", "phone": "88004805058", "min_order": null, "website": "", "facebook": "", "twitter": "", "instagram": "", "slug": "antonios-restaurant", "photoshoot_requested": false, "publishing_requested": false, "published": false, "rate": 10.0, "is_confirmed": false, "is_premium": false}}, {"model": "userprofiles.restaurantimage", "pk": 3, "fields": {"restaurant": 5, "image": "./3.jpg"}}, {"model": "userprofiles.restaurantimage", "pk": 4, "fields": {"restaurant": 5, "image": "./4.jpg"}}, {"model": "userprofiles.restaurantimage", "pk": 9, "fields": {"restaurant": 2, "image": "./7_XQ08N1R.jpg"}}, {"model": "userprofiles.restaurantimage", "pk": 10, "fields": {"restaurant": 2, "image": "./8.jpg"}}, {"model": "userprofiles.restaurantimage", "pk": 11, "fields": {"restaurant": 7, "image": "./2_TNtGDa3.jpg"}}, {"model": "userprofiles.restaurantimage", "pk": 17, "fields": {"restaurant": 21, "image": "./1.jpg"}}, {"model": "userprofiles.restaurantimage", "pk": 19, "fields": {"restaurant": 22, "image": "./8_VGJfYC2.jpg"}}, {"model": "userprofiles.restaurantimage", "pk": 20, "fields": {"restaurant": 22, "image": "./7.jpg"}}, {"model": "userprofiles.restaurantimage", "pk": 29, "fields": {"restaurant": 7, "image": "./8_9lFPWB1.jpg"}}, {"model": "userprofiles.restaurantopeninghours", "pk": 1, "fields": {"restaurant": 7, "sun_from": null, "sun_till": null, "mon_from": "09:00:00", "mon_till": "18:00:00", "tue_from": "10:00:00", "tue_till": "19:00:00", "wed_from": "09:00:00", "wed_till": "20:00:00", "thu_from": "21:00:00", "thu_till": "23:00:00", "fri_from": null, "fri_till": null, "sat_from": null, "sat_till": null}}, {"model": "userprofiles.restaurantreview", "pk": 3, "fields": {"user": 13, "restaurant": 7, "msg": "Some review here!", "datetime": "2016-09-09T08:59:51.570Z"}}, {"model": "userprofiles.restaurantdiscountcoupon", "pk": 1, "fields": {"restaurant": 7, "available_from": "2016-10-01", "available_till": "2017-08-27", "time_from": "13:00:00", "time_till": "20:00:00", "discount_text": "SUPER DISCOUNT", "percent": 2}}, {"model": "userprofiles.restaurantdiscountcoupon", "pk": 3, "fields": {"restaurant": 21, "available_from": "2016-10-13", "available_till": "2016-10-13", "time_from": "16:00:00", "time_till": "20:00:00", "discount_text": "Some discount", "percent": 1}}, {"model": "userprofiles.checkoutpromocode", "pk": 2, "fields": {"restaurant": 7, "promo_code": "Super Code For ", "percent": 1.0, "qty": 5}}, {"model": "userprofiles.city", "pk": 1, "fields": {"name": "Ciutat Vella"}}, {"model": "userprofiles.city", "pk": 2, "fields": {"name": "Eixample"}}, {"model": "userprofiles.city", "pk": 3, "fields": {"name": "Sants-Montju\u00efc"}}, {"model": "userprofiles.city", "pk": 4, "fields": {"name": "Les Corts"}}, {"model": "userprofiles.city", "pk": 5, "fields": {"name": "Sarri\u00e0-Sant Gervasi"}}, {"model": "userprofiles.city", "pk": 6, "fields": {"name": "Gr\u00e0cia"}}, {"model": "userprofiles.city", "pk": 7, "fields": {"name": "Horta-Guinard\u00f3"}}, {"model": "userprofiles.city", "pk": 8, "fields": {"name": "Nou Barris"}}, {"model": "userprofiles.city", "pk": 9, "fields": {"name": "Sant Andreu"}}, {"model": "userprofiles.city", "pk": 10, "fields": {"name": "Sant Mart\u00ed"}}, {"model": "userprofiles.city", "pk": 11, "fields": {"name": "Las Vegas!!!"}}, {"model": "userprofiles.restaurantdelivery", "pk": 151, "fields": {"restaurant": 2, "city": 2, "possible": false}}, {"model": "userprofiles.restaurantdelivery", "pk": 152, "fields": {"restaurant": 2, "city": 3, "possible": false}}, {"model": "userprofiles.restaurantdelivery", "pk": 153, "fields": {"restaurant": 2, "city": 7, "possible": false}}, {"model": "userprofiles.restaurantdelivery", "pk": 154, "fields": {"restaurant": 2, "city": 4, "possible": false}}, {"model": "userprofiles.restaurantdelivery", "pk": 155, "fields": {"restaurant": 2, "city": 6, "possible": false}}, {"model": "userprofiles.restaurantdelivery", "pk": 156, "fields": {"restaurant": 2, "city": 8, "possible": false}}, {"model": "userprofiles.restaurantdelivery", "pk": 157, "fields": {"restaurant": 2, "city": 5, "possible": false}}, {"model": "userprofiles.restaurantdelivery", "pk": 158, "fields": {"restaurant": 2, "city": 10, "possible": false}}, {"model": "userprofiles.restaurantdelivery", "pk": 159, "fields": {"restaurant": 2, "city": 1, "possible": false}}, {"model": "userprofiles.restaurantdelivery", "pk": 160, "fields": {"restaurant": 2, "city": 9, "possible": false}}, {"model": "userprofiles.restaurantdelivery", "pk": 539, "fields": {"restaurant": 22, "city": 1, "possible": true}}, {"model": "userprofiles.restaurantdelivery", "pk": 540, "fields": {"restaurant": 22, "city": 3, "possible": false}}, {"model": "userprofiles.restaurantdelivery", "pk": 541, "fields": {"restaurant": 22, "city": 10, "possible": false}}, {"model": "userprofiles.restaurantdelivery", "pk": 542, "fields": {"restaurant": 22, "city": 2, "possible": false}}, {"model": "userprofiles.restaurantdelivery", "pk": 543, "fields": {"restaurant": 22, "city": 9, "possible": false}}, {"model": "userprofiles.restaurantdelivery", "pk": 544, "fields": {"restaurant": 22, "city": 6, "possible": false}}, {"model": "userprofiles.restaurantdelivery", "pk": 545, "fields": {"restaurant": 22, "city": 11, "possible": true}}, {"model": "userprofiles.restaurantdelivery", "pk": 546, "fields": {"restaurant": 22, "city": 7, "possible": false}}, {"model": "userprofiles.restaurantdelivery", "pk": 547, "fields": {"restaurant": 22, "city": 4, "possible": false}}, {"model": "userprofiles.restaurantdelivery", "pk": 548, "fields": {"restaurant": 22, "city": 8, "possible": false}}, {"model": "userprofiles.restaurantdelivery", "pk": 549, "fields": {"restaurant": 22, "city": 5, "possible": false}}, {"model": "userprofiles.restaurantdelivery", "pk": 880, "fields": {"restaurant": 7, "city": 2, "possible": false}}, {"model": "userprofiles.restaurantdelivery", "pk": 881, "fields": {"restaurant": 7, "city": 1, "possible": true}}, {"model": "userprofiles.restaurantdelivery", "pk": 882, "fields": {"restaurant": 7, "city": 7, "possible": false}}, {"model": "userprofiles.restaurantdelivery", "pk": 883, "fields": {"restaurant": 7, "city": 10, "possible": false}}, {"model": "userprofiles.restaurantdelivery", "pk": 884, "fields": {"restaurant": 7, "city": 8, "possible": false}}, {"model": "userprofiles.restaurantdelivery", "pk": 885, "fields": {"restaurant": 7, "city": 11, "possible": true}}, {"model": "userprofiles.restaurantdelivery", "pk": 886, "fields": {"restaurant": 7, "city": 6, "possible": true}}, {"model": "userprofiles.restaurantdelivery", "pk": 887, "fields": {"restaurant": 7, "city": 5, "possible": false}}, {"model": "userprofiles.restaurantdelivery", "pk": 888, "fields": {"restaurant": 7, "city": 9, "possible": false}}, {"model": "userprofiles.restaurantdelivery", "pk": 889, "fields": {"restaurant": 7, "city": 4, "possible": false}}, {"model": "userprofiles.restaurantdelivery", "pk": 890, "fields": {"restaurant": 7, "city": 3, "possible": true}}, {"model": "userprofiles.restaurantdelivery", "pk": 891, "fields": {"restaurant": 21, "city": 3, "possible": true}}, {"model": "userprofiles.restaurantdelivery", "pk": 892, "fields": {"restaurant": 21, "city": 11, "possible": false}}, {"model": "userprofiles.restaurantdelivery", "pk": 893, "fields": {"restaurant": 21, "city": 8, "possible": false}}, {"model": "userprofiles.restaurantdelivery", "pk": 894, "fields": {"restaurant": 21, "city": 9, "possible": false}}, {"model": "userprofiles.restaurantdelivery", "pk": 895, "fields": {"restaurant": 21, "city": 2, "possible": false}}, {"model": "userprofiles.restaurantdelivery", "pk": 896, "fields": {"restaurant": 21, "city": 6, "possible": true}}, {"model": "userprofiles.restaurantdelivery", "pk": 897, "fields": {"restaurant": 21, "city": 7, "possible": false}}, {"model": "userprofiles.restaurantdelivery", "pk": 898, "fields": {"restaurant": 21, "city": 5, "possible": false}}, {"model": "userprofiles.restaurantdelivery", "pk": 899, "fields": {"restaurant": 21, "city": 1, "possible": false}}, {"model": "userprofiles.restaurantdelivery", "pk": 900, "fields": {"restaurant": 21, "city": 4, "possible": false}}, {"model": "userprofiles.restaurantdelivery", "pk": 901, "fields": {"restaurant": 21, "city": 10, "possible": false}}, {"model": "userprofiles.restaurantcontract", "pk": 1, "fields": {"restaurant": 7, "text": "Etiam porta sem malesuada magna mollis euismod. Vivamus sagittis lacus vel augue laoreet rutrum faucibus dolor auctor. Etiam porta sem malesuada magna mollis euismod. Fusce dapibus, tellus ac cursus commodo, tortor mauris condimentum nibh, ut fermentum massa justo sit amet risus. Sed posuere consectetur est at lobortis. Maecenas faucibus mollis interdum.\r\n\r\nEtiam porta sem malesuada magna mollis euismod. Aenean lacinia bibendum nulla sed consectetur. Integer posuere erat a ante venenatis dapibus posuere velit aliquet. Vestibulum id ligula porta felis euismod semper. Donec ullamcorper nulla non metus auctor fringilla."}}, {"model": "userprofiles.lunchbox", "pk": 4, "fields": {"restaurant": 4, "name": "Tortor Justo Aenean", "desc": "Vestibulum id ligula porta felis euismod semper. Integer posuere erat a ante venenatis dapibus posuere velit aliquet. Vivamus sagittis lacus vel augue laoreet rutrum faucibus dolor auctor.", "price": 17.5, "available_from": "2016-09-06", "available_till": "2016-11-30", "wd_from": "16:05:03", "wd_till": "16:05:04", "total_calories": null, "protein": null, "carbohydrates": null, "fat": null, "sugar": null, "sodium": null, "published": true, "photoshoot_requested": false, "publishing_requested": false, "date": "2016-10-31T08:04:22.193Z"}}, {"model": "userprofiles.lunchbox", "pk": 5, "fields": {"restaurant": 4, "name": "Ipsum Magna", "desc": "Nulla vitae elit libero, a pharetra augue. Aenean eu leo quam. Pellentesque ornare sem lacinia quam venenatis vestibulum.", "price": 25.9, "available_from": "2016-09-06", "available_till": "2016-11-30", "wd_from": "16:05:18", "wd_till": "16:05:19", "total_calories": null, "protein": null, "carbohydrates": null, "fat": null, "sugar": null, "sodium": null, "published": true, "photoshoot_requested": false, "publishing_requested": false, "date": "2016-10-31T08:04:22.196Z"}}, {"model": "userprofiles.lunchbox", "pk": 6, "fields": {"restaurant": 5, "name": "Adipiscing Sit Aenean", "desc": "Praesent commodo cursus magna, vel scelerisque nisl consectetur et. Duis mollis, est non commodo luctus, nisi erat porttitor ligula, eget lacinia odio sem nec elit.", "price": 25.55, "available_from": "2016-09-06", "available_till": "2016-11-30", "wd_from": "16:04:41", "wd_till": "16:04:42", "total_calories": null, "protein": null, "carbohydrates": null, "fat": null, "sugar": null, "sodium": null, "published": true, "photoshoot_requested": false, "publishing_requested": false, "date": "2016-10-31T08:04:00.383Z"}}, {"model": "userprofiles.lunchbox", "pk": 85, "fields": {"restaurant": 21, "name": "bla bla", "desc": "Adadasdads", "price": 123.0, "available_from": "2016-10-12", "available_till": "2016-11-30", "wd_from": "09:00:00", "wd_till": "19:00:00", "total_calories": 123, "protein": 123, "carbohydrates": 123, "fat": 123, "sugar": 123, "sodium": 123, "published": true, "photoshoot_requested": true, "publishing_requested": true, "date": "2016-10-31T08:03:13.251Z"}}, {"model": "userprofiles.lunchbox", "pk": 86, "fields": {"restaurant": 21, "name": "bla bla", "desc": "Adadasdads", "price": 123.0, "available_from": "2016-10-13", "available_till": "2016-11-30", "wd_from": "15:00:00", "wd_till": "18:00:00", "total_calories": 123, "protein": 123, "carbohydrates": 123, "fat": 123, "sugar": 123, "sodium": 123, "published": true, "photoshoot_requested": false, "publishing_requested": false, "date": "2016-10-31T08:03:13.253Z"}}, {"model": "userprofiles.lunchbox", "pk": 89, "fields": {"restaurant": 7, "name": "Some new lunchbox", "desc": "Some new desc", "price": 3.0, "available_from": "2016-10-20", "available_till": "2016-11-30", "wd_from": "18:00:00", "wd_till": "21:00:00", "total_calories": 1, "protein": 212, "carbohydrates": 12, "fat": 12, "sugar": 3, "sodium": 3, "published": true, "photoshoot_requested": false, "publishing_requested": false, "date": "2016-10-31T08:03:44.300Z"}}, {"model": "userprofiles.lunchbox", "pk": 90, "fields": {"restaurant": 7, "name": "Newest lunch", "desc": "Some desc", "price": 12.0, "available_from": "2016-10-20", "available_till": "2016-11-30", "wd_from": "00:00:00", "wd_till": "04:00:00", "total_calories": 1, "protein": 3, "carbohydrates": 5, "fat": 2, "sugar": 4, "sodium": 6, "published": true, "photoshoot_requested": false, "publishing_requested": false, "date": "2016-10-31T08:03:44.302Z"}}, {"model": "userprofiles.lunchboximage", "pk": 7, "fields": {"lunchbox": 6, "image": "./7_csAJShU.jpg"}}, {"model": "userprofiles.lunchboximage", "pk": 8, "fields": {"lunchbox": 6, "image": ""}}, {"model": "userprofiles.lunchboximage", "pk": 9, "fields": {"lunchbox": 6, "image": "./9.jpg"}}, {"model": "userprofiles.lunchboximage", "pk": 70, "fields": {"lunchbox": null, "image": "./1.jpg"}}, {"model": "userprofiles.lunchboximage", "pk": 71, "fields": {"lunchbox": null, "image": "./1_GwRCbCS.jpg"}}, {"model": "userprofiles.lunchboximage", "pk": 72, "fields": {"lunchbox": null, "image": "./1_dVLb9vS.jpg"}}, {"model": "userprofiles.lunchboximage", "pk": 73, "fields": {"lunchbox": null, "image": "./2_elzWJTi.jpg"}}, {"model": "userprofiles.lunchboximage", "pk": 74, "fields": {"lunchbox": null, "image": "./1_zOkdgf2.jpg"}}, {"model": "userprofiles.lunchboximage", "pk": 75, "fields": {"lunchbox": null, "image": "./1_Ln5D9mV.jpg"}}, {"model": "userprofiles.lunchboximage", "pk": 76, "fields": {"lunchbox": null, "image": "./1_55Dt4Y2.jpg"}}, {"model": "userprofiles.lunchboximage", "pk": 77, "fields": {"lunchbox": null, "image": "./2_UQJ5X4R.jpg"}}, {"model": "userprofiles.lunchboximage", "pk": 78, "fields": {"lunchbox": null, "image": "./1_VuwfgzJ.jpg"}}, {"model": "userprofiles.lunchboximage", "pk": 79, "fields": {"lunchbox": null, "image": "./1_Pqm13Wj.jpg"}}, {"model": "userprofiles.lunchboximage", "pk": 80, "fields": {"lunchbox": null, "image": "./2_PO5PrTi.jpg"}}, {"model": "userprofiles.lunchboximage", "pk": 81, "fields": {"lunchbox": null, "image": "./2_9GgTsbc.jpg"}}, {"model": "userprofiles.lunchboximage", "pk": 82, "fields": {"lunchbox": null, "image": "./1_yA3sd69.jpg"}}, {"model": "userprofiles.lunchboximage", "pk": 83, "fields": {"lunchbox": null, "image": "./1_ye1qo6o.jpg"}}, {"model": "userprofiles.lunchboximage", "pk": 126, "fields": {"lunchbox": 85, "image": "./3.jpg"}}, {"model": "userprofiles.lunchboximage", "pk": 127, "fields": {"lunchbox": 86, "image": "./5_wHGWIuE.jpg"}}, {"model": "userprofiles.lunchboximage", "pk": 133, "fields": {"lunchbox": 89, "image": "./2_dZo3Tb2.jpg"}}, {"model": "userprofiles.lunchboximage", "pk": 134, "fields": {"lunchbox": 89, "image": "./6_3eggTiN.jpg"}}, {"model": "userprofiles.lunchboximage", "pk": 135, "fields": {"lunchbox": 90, "image": "./5.jpg"}}, {"model": "userprofiles.lunchboxprivileges", "pk": 1, "fields": {"title": "Km0", "image": "./1_EpEhkJc.jpg"}}, {"model": "userprofiles.lunchboxprivileges", "pk": 2, "fields": {"title": "Vegan", "image": "./2_r1C4Q8V.jpg"}}, {"model": "userprofiles.lunchboxprivileges", "pk": 3, "fields": {"title": "No lactose", "image": "./3_huvmZDi.jpg"}}, {"model": "userprofiles.lunchboxprivilegesitem", "pk": 15, "fields": {"lunchbox": 90, "privilege": 3}}, {"model": "userprofiles.lunchboxprivilegesitem", "pk": 16, "fields": {"lunchbox": 89, "privilege": 1}}, {"model": "userprofiles.lunchboxprivilegesitem", "pk": 17, "fields": {"lunchbox": 89, "privilege": 3}}, {"model": "userprofiles.lunchboxprivilegesitem", "pk": 18, "fields": {"lunchbox": 89, "privilege": 2}}, {"model": "userprofiles.lunchboxdiscount", "pk": 170, "fields": {"lunchbox": 85, "percent": 1.0, "qty": 2}}, {"model": "userprofiles.lunchboxdiscount", "pk": 171, "fields": {"lunchbox": 85, "percent": 3.0, "qty": 4}}, {"model": "userprofiles.lunchboxdiscount", "pk": 172, "fields": {"lunchbox": 86, "percent": 1.0, "qty": 2}}, {"model": "userprofiles.lunchboxdiscount", "pk": 173, "fields": {"lunchbox": 86, "percent": 3.0, "qty": 4}}, {"model": "userprofiles.lunchboxdiscount", "pk": 183, "fields": {"lunchbox": 89, "percent": 2.0, "qty": 1}}, {"model": "userprofiles.lunchboxdiscount", "pk": 184, "fields": {"lunchbox": 90, "percent": 1.0, "qty": 2}}, {"model": "userprofiles.lunchboxdiscount", "pk": 185, "fields": {"lunchbox": 90, "percent": 3.0, "qty": 4}}, {"model": "userprofiles.lunchboxdiscount", "pk": 186, "fields": {"lunchbox": 90, "percent": 5.0, "qty": 6}}, {"model": "userprofiles.lunchboxrating", "pk": 36, "fields": {"lunchbox": 86, "user": 13, "rating": 5}}, {"model": "userprofiles.lunchboxfeedback", "pk": 53, "fields": {"lunchbox": 90, "user": 4, "restaurant": 7, "msg": "Some new", "inc": false, "watched": false, "datetime": "2016-10-25T15:08:54.416Z", "priority": 4}}, {"model": "userprofiles.lunchboxfeedback", "pk": 54, "fields": {"lunchbox": 90, "user": 4, "restaurant": 7, "msg": "Bla bla", "inc": false, "watched": false, "datetime": "2016-10-25T15:12:13.219Z", "priority": 4}}, {"model": "userprofiles.lunchboxfeedback", "pk": 55, "fields": {"lunchbox": 90, "user": 4, "restaurant": 7, "msg": "adasdasd", "inc": false, "watched": false, "datetime": "2016-10-25T15:12:39.602Z", "priority": 4}}, {"model": "userprofiles.lunchboxfeedback", "pk": 56, "fields": {"lunchbox": 86, "user": 13, "restaurant": 21, "msg": "Some question", "inc": true, "watched": false, "datetime": "2016-10-31T08:27:32.668Z", "priority": 4}}, {"model": "userprofiles.lunchboxadminmessage", "pk": 8, "fields": {"lunchbox": 86, "user": 1, "msg": "Some message", "inc": true, "watched": false, "priority": 4, "date": "2016-10-22T11:31:42.474Z"}}, {"model": "userprofiles.lunchboxadminmessage", "pk": 9, "fields": {"lunchbox": 90, "user": 1, "msg": "Some new message!", "inc": true, "watched": true, "priority": 4, "date": "2016-10-22T14:46:25.407Z"}}, {"model": "userprofiles.lunchboxadminmessage", "pk": 10, "fields": {"lunchbox": 90, "user": 4, "msg": "Some answer!", "inc": false, "watched": true, "priority": 4, "date": "2016-10-27T19:21:52.023Z"}}, {"model": "userprofiles.lunchboxadminmessage", "pk": 11, "fields": {"lunchbox": 90, "user": 4, "msg": "Some reply!", "inc": false, "watched": false, "priority": 4, "date": "2016-10-22T14:46:25.419Z"}}, {"model": "userprofiles.lunchboxadminmessage", "pk": 12, "fields": {"lunchbox": 90, "user": 1, "msg": "WAT?", "inc": true, "watched": true, "priority": 4, "date": "2016-10-27T19:21:52.025Z"}}, {"model": "userprofiles.lunchboxadminmessage", "pk": 13, "fields": {"lunchbox": 90, "user": 4, "msg": "Bla bla!", "inc": false, "watched": false, "priority": 4, "date": "2016-10-22T15:35:53.468Z"}}, {"model": "userprofiles.lunchboxadminmessage", "pk": 14, "fields": {"lunchbox": 90, "user": 1, "msg": "bla bla wat?", "inc": true, "watched": true, "priority": 4, "date": "2016-10-24T10:32:07.764Z"}}, {"model": "userprofiles.lunchboxadminmessage", "pk": 15, "fields": {"lunchbox": 90, "user": 1, "msg": "Super mega message!", "inc": true, "watched": true, "priority": 1, "date": "2016-10-24T10:47:02.227Z"}}, {"model": "userprofiles.lunchboxadminmessage", "pk": 16, "fields": {"lunchbox": 90, "user": 1, "msg": "WTF!", "inc": true, "watched": true, "priority": 3, "date": "2016-10-24T10:56:28.686Z"}}, {"model": "userprofiles.lunchboxadminmessage", "pk": 17, "fields": {"lunchbox": 90, "user": 1, "msg": "WTF Again!?", "inc": true, "watched": true, "priority": 3, "date": "2016-10-24T10:56:27.294Z"}}, {"model": "userprofiles.lunchboxadminmessage", "pk": 18, "fields": {"lunchbox": 86, "user": 1, "msg": "WTF!?", "inc": true, "watched": false, "priority": 4, "date": "2016-10-25T15:15:12.055Z"}}, {"model": "userprofiles.activation", "pk": 9, "fields": {"user": 13, "email": "maz@ya.ru", "key": "852ce8c4-a750-4", "date": "2016-08-29T18:00:52.702Z"}}, {"model": "userprofiles.activation", "pk": 23, "fields": {"user": 29, "email": "antoniomomomo@ya.ru", "key": "cf52f4cf-d62c-4", "date": "2016-10-27T16:23:27.424Z"}}]